"","era5_temp_mean.frommmt.est","wbtemp.frommmt.est","apptemp.frommmt.est","discomfortind.frommmt.est","swptemp80.frommmt.est","swptemp60.frommmt.est","swptemp40.frommmt.est","swptemp20.frommmt.est","era5_temp_mean.fromp95.est","wbtemp.fromp95.est","apptemp.fromp95.est","discomfortind.fromp95.est","swptemp80.fromp95.est","swptemp60.fromp95.est","swptemp40.fromp95.est","swptemp20.fromp95.est","era5_temp_mean.frommmt.ci.l","wbtemp.frommmt.ci.l","apptemp.frommmt.ci.l","discomfortind.frommmt.ci.l","swptemp80.frommmt.ci.l","swptemp60.frommmt.ci.l","swptemp40.frommmt.ci.l","swptemp20.frommmt.ci.l","era5_temp_mean.fromp95.ci.l","wbtemp.fromp95.ci.l","apptemp.fromp95.ci.l","discomfortind.fromp95.ci.l","swptemp80.fromp95.ci.l","swptemp60.fromp95.ci.l","swptemp40.fromp95.ci.l","swptemp20.fromp95.ci.l","era5_temp_mean.frommmt.ci.u","wbtemp.frommmt.ci.u","apptemp.frommmt.ci.u","discomfortind.frommmt.ci.u","swptemp80.frommmt.ci.u","swptemp60.frommmt.ci.u","swptemp40.frommmt.ci.u","swptemp20.frommmt.ci.u","era5_temp_mean.fromp95.ci.u","wbtemp.fromp95.ci.u","apptemp.fromp95.ci.u","discomfortind.fromp95.ci.u","swptemp80.fromp95.ci.u","swptemp60.fromp95.ci.u","swptemp40.fromp95.ci.u","swptemp20.fromp95.ci.u"
"arg0515",2.97805439002495,1.64809981063048,3.03614338883045,2.45942864517316,1.91959083055604,2.24935735078503,2.6183008246967,2.80050927749293,1.18701624784182,0.354399104627507,1.11092133466861,0.939239208974034,0.597797951706101,0.828581692078944,1.01965605598948,1.12338522025819,1.93611791886568,0.499432542172208,1.95558406273691,1.49806758193723,0.88894152303887,1.24721271616804,1.68484253990119,1.83842983281439,0.969350949120669,0.0893683549341289,0.88511000951015,0.729418909884632,0.377565768608837,0.617594505373127,0.807557157792749,0.908824797059313,3.98966704240929,2.74201486623184,4.07613302810535,3.43754597450783,2.97968488202302,3.19862749413365,3.51575262147252,3.73379758972036,1.38196560741053,0.595103355446289,1.33166831703926,1.13509435156445,0.826387856730893,1.03588876644759,1.21569608637628,1.31734131929357
"aus8809",1.43813583510019,0.792508752468967,1.26850529361748,1.3791290246904,1.02455293398624,1.27477857576488,1.44896880228952,1.4957171052339,0.818994163327055,0.379424340305804,0.685568941200778,0.730624064397213,0.516099724259895,0.653250818581927,0.798958982167441,0.872850132981014,0.509435983432556,-0.303893079682528,0.200482116551067,0.404912589962364,-0.0318522215586049,0.295855143559398,0.463232205148449,0.607323271129739,0.560681769790609,0.103555590335825,0.414145890276481,0.467698334048749,0.213099787795759,0.399601766442049,0.529895410593046,0.632010336227178,2.2939284738298,1.73411386755279,2.29973787438526,2.28344937850918,2.03459905705543,2.22594164222075,2.37621335118176,2.41318011032202,1.05624065981893,0.649120684470952,0.940470184168878,0.97844731422937,0.776386337417132,0.901125139956368,1.0442710083698,1.11046260778437
"bra9711",1.95348268554837,0.568415987824995,1.8004334883783,1.53107124493246,0.899232048662904,1.33476096406182,1.68729730630838,1.85269837346,0.58739519687784,0.249549891407798,0.4545197226871,0.485756358740609,0.341465481859632,0.442057293300204,0.523318885792533,0.576413610306972,1.47675867036705,0.288555144999225,1.32330822950697,1.11688101925053,0.538039398455517,0.920742737991696,1.23702087956826,1.42260505373581,0.484841022890665,0.16031079300109,0.354589361694116,0.392608181279325,0.245738952757752,0.342625540434773,0.423074688885309,0.475086171082939,2.43460573036707,0.87095432767246,2.25344676736718,1.98497360648234,1.25659671524114,1.75206607000307,2.14971508628569,2.26960571657336,0.695114750764856,0.336807772204852,0.552752696991996,0.582179738063243,0.435747491005461,0.533640143769765,0.622970343095411,0.681025992576843
"can8615",1.09204966333934,0.921624314875362,1.11838400375218,1.06223553784333,0.971371780979554,1.04098140712585,1.07301860085461,1.0870601760656,0.537000946043694,0.458201730851404,0.520424604638746,0.531635959821343,0.493472861434853,0.520568031821819,0.538295527113933,0.544716462640783,0.857548975823514,0.678036693529952,0.88411579538139,0.847776962968316,0.762788891014518,0.820415024819925,0.855158126676718,0.870193890588203,0.46384939373689,0.384808532517885,0.4471745528649,0.462625991341612,0.423834888815134,0.451900959322297,0.46470100248725,0.471581900154903,1.3366224279024,1.15478760065833,1.36576564286955,1.26993457941575,1.18075147128758,1.24105361196257,1.29027531979609,1.29978295376204,0.610160816953901,0.532362728258912,0.591518876875862,0.599135908107934,0.568385643753735,0.595879095824184,0.610814088181435,0.617019552919308
"chi9615",1.94064427933065,1.09300987521727,1.54187853470607,1.72466127706832,1.35694790349537,1.62556354829386,1.79245984478867,1.92110008595743,0.689864138977863,0.463402162185283,0.615045278573162,0.693437045555451,0.57822079557368,0.673073855672765,0.701465828530226,0.698366395207462,1.476502249784,0.54291741402119,1.07837616794482,1.22708319097675,0.824770913983728,1.12905187293453,1.31984475178227,1.40830925642712,0.514085652539497,0.299748858037195,0.46052918472252,0.512746910945409,0.413890205834286,0.50263322754442,0.525976589354701,0.516148563738696,2.41009296605373,1.61556374899371,1.99168516480402,2.22551106297992,1.85365864883762,2.13907063465123,2.30661586156734,2.41331497621072,0.853139726883764,0.627014852357722,0.768060660733771,0.859752622246545,0.742102067874922,0.836179047455254,0.874364858825856,0.87741261166593
"chl0414",2.00087554561818,0.0105371550437859,1.46567148480647,0.952326388592236,0.232039498733448,0.683537924269644,1.24398968655578,1.73477452183868,0.527437817506949,0.0350166622990495,0.339127791551694,0.300833395543192,0.121589295615036,0.249781919125307,0.35715285850843,0.453182073926759,0.772136471413115,-0.10795459305307,0.315043729126594,0.0512406210275763,-0.418898461727137,-0.0599103151395561,0.195395887396863,0.571818377499308,0.230003767561299,-0.155450838736483,0.0434223548399725,0.0153420674255577,-0.197796702516722,-0.0278219974198175,0.0621966674652387,0.173983081101116,3.24421803482342,0.127778246745194,2.62065528555046,1.84464480563328,0.848085135592329,1.40871625054307,2.28295154044924,2.87533235149405,0.819175121180982,0.208131258296807,0.601988241351974,0.563041123085364,0.408064018670663,0.518928851461658,0.626015055800601,0.721906401901309
"col9813",1.11272763359057,0.187842105456621,0.418291852318339,0.488735574944389,0.293224517652197,0.433275659875367,0.52664831618066,0.598605357149777,0.309827070410885,0.0780530543321285,0.193092244781363,0.194938447505445,0.139213720988863,0.168136015380964,0.215294452088447,0.252438493257764,0.201444509120582,-0.124421718701487,0.0606548475656931,0.110327352768278,-0.036847233723031,0.0448227318346355,0.124059677368246,0.178512162840783,0.099532919488934,-0.0296789556932901,0.0667011917009953,0.0840639597540918,0.0264823992531534,0.0671684636348515,0.0982219537779394,0.101494725601293,1.94998479507831,0.509200225794088,0.792233045501096,0.864313428058546,0.626815848630376,0.794701304353023,0.900483272451809,0.997413002588613,0.523005522574444,0.184024275036161,0.309717632324371,0.308658235304085,0.254171663072299,0.271859325208195,0.32229927772585,0.389842708206819
"crc0017",1.63180506414026,0.108796467747614,0.952216597456223,1.01384948561051,0.473187964777953,0.870899610623839,1.09170983629745,1.34751981978249,0.312408517177817,0.105678772893291,0.127576831693797,0.113520679038775,0.12663285746353,0.13750364116555,0.0957979975249083,0.218522328027154,-0.301556753871138,-0.513749993371066,-0.757284544796066,-1.07678953168053,-1.62054950477502,-1.43320499479361,-1.00664664473085,-0.567494591869278,-0.142343465628549,-0.496376794586124,-0.37053028705432,-0.507896202757309,-0.451422171694595,-0.489578449438292,-0.460894513184968,-0.243283582087465,3.59939815327049,0.651281335626692,2.70630473023444,3.03375473668544,2.54749635984575,2.96305974882834,3.17539604662541,3.28402972398688,0.737959512779067,0.620862223273101,0.606804910851106,0.619227922382631,0.704708523828369,0.640476942897327,0.626400672969895,0.658630426218602
"cze9415",3.13025308851509,2.48910836486356,3.03338179252078,2.91993989845287,2.74527525049319,2.87884184674496,2.95554192031205,3.02005931483639,1.296308216162,0.838510257070566,1.22757550253471,1.17516700814255,0.991936755050669,1.12182494410483,1.21572456839493,1.26600540126442,2.51209196198496,1.86403537578456,2.38957036079946,2.40896122857652,2.21650656036287,2.33851668718428,2.42551051641163,2.46103130254284,1.11449747610437,0.670407501884415,1.03608033946328,0.986974852575794,0.817476570237152,0.938587040842418,1.02698522624039,1.08618432845473,3.71715506450568,3.12363595243848,3.64368013867976,3.44526162533969,3.31626514718671,3.41680551218258,3.49556988978996,3.54074368209549,1.46537778698182,1.00773569555939,1.39823413137783,1.34440856996305,1.16255873132732,1.29867380486139,1.390629513969,1.44632910486359
"ecu1418",1.39499350481025,0.118535554200371,0.158529474161977,0.41543818681212,0.152807558870185,0.14005577180036,0.525495458681175,0.885848071415982,0.244032649849887,0.178978244683217,0.154080751860169,0.126464776668151,0.220946709005624,0.189726014993504,0.102393926102425,0.126110945427578,-0.19906418118675,-0.309495816830193,-0.397978561180343,-0.999659427263308,-0.287471773951172,-0.284233051719349,-0.845660409695375,-0.667442606630573,-0.200857960573865,-0.246881244731605,-0.377358089676766,-0.333439185358829,-0.214083504208097,-0.253942992910378,-0.376119110704258,-0.395942853805841,3.09349732103615,0.512148076597971,0.65663679305507,1.72078714689824,0.556944166354695,0.527712986694574,1.81700382499708,2.52823007060853,0.68597762920701,0.563085576161758,0.636108946674785,0.528946334277964,0.611123285503544,0.575834133822629,0.512899657305972,0.601384414690373
"est9718",1.58175634685989,1.13825570570357,1.54242931678005,1.36089056770536,1.27275534460321,1.3396816933026,1.39815070973843,1.484440946444,0.612795361359152,0.373271957103926,0.627550423816333,0.507529165792179,0.42344520818165,0.479818064021311,0.537146952072138,0.579894423519556,0.927569628450748,0.349586837275944,0.819650884595972,0.686902249031834,0.538946149793306,0.656683959259049,0.746266278000567,0.82317536822354,0.279631065152426,0.0352983179174064,0.328909193299727,0.162039718575697,0.0740071671504639,0.113045356310346,0.171051277075258,0.22000514518232,2.24873013839083,1.87090132744479,2.25065342018095,2.04460937131144,1.97579275127551,2.04192241801806,2.05959946249467,2.14023646147548,0.915435887456102,0.700908078247541,0.916871502005712,0.822780068445348,0.729627826672934,0.814557560708784,0.84435362651511,0.893910623464451
"fnl9414",2.06283960625181,1.0709872610278,1.77829053012018,1.59366524297398,1.30862668241467,1.47928738323869,1.67299733566727,1.89150319998543,1.04799122546335,0.58987143811952,0.890951563842548,0.84430744753439,0.725765431929756,0.790405322511216,0.886935883525441,0.967776405543802,1.08243457775525,0.130421809873159,0.724821605557353,0.599632669927582,0.326957767771275,0.476295608562264,0.67328564099239,0.878214342678625,0.615144138380474,0.157792202501362,0.481726970252882,0.423665795758004,0.292891722373511,0.359015156864779,0.478533394450514,0.553987911982491,3.03392100154729,2.02520012408994,2.79224503244658,2.57655065073567,2.26381102735094,2.47707081645414,2.66526407876108,2.86515665696179,1.43969662288613,0.995742492374256,1.27954859479956,1.22596503513512,1.11670374774385,1.19250279006656,1.25942031101446,1.36920496619959
"fra0014",3.18208830213488,2.69979672636648,3.05382681144744,2.95350154142379,2.77665023861696,2.89154773299562,3.02789561884593,3.06415015197317,1.9785433307447,1.7788851654625,2.01223603141913,1.99160433951052,1.92333538373557,1.98557109428769,2.00755877436531,1.99029914609578,2.89310975540792,2.42081158068639,2.76781782690123,2.69330026567028,2.49133662198797,2.60258603938587,2.7579678290021,2.79026320244978,1.90293383098915,1.69130675545009,1.93552368062437,1.90993016833612,1.83684490845382,1.89908724969901,1.92593526092552,1.90602047762242,3.46444304849833,3.00511714887346,3.33477940129959,3.22487173949264,3.04579086193704,3.16423399716883,3.29568357743526,3.32540881122456,2.05991949610735,1.86372337565816,2.08883025112279,2.07528130132009,2.0025736126932,2.06867570977381,2.08719032831025,2.06885575833791
"ger9315",3.39319528993137,2.47249334992759,3.02786352805538,2.90832892005349,2.61705914512672,2.80695580626203,2.98652681549249,3.13233198912072,1.45509638258966,1.07988446468334,1.32665001590652,1.33788814341232,1.22597100669804,1.31102307057578,1.35402236804212,1.38882086275758,2.99844736590893,2.15204471833073,2.62017180296258,2.48447867615115,2.25805317417369,2.36021627100508,2.59088345215912,2.70520856845181,1.37049917747208,0.983031088009417,1.24716874073054,1.24807146121722,1.13129937012533,1.22791549659796,1.26971314434383,1.30600847378738,3.80034615193593,2.82481918031774,3.43542788495011,3.3032443841592,2.97375145638785,3.23228113677519,3.39015451169183,3.56937395482633,1.54222766981102,1.16648594975993,1.40466523544564,1.4170111932123,1.31702406656246,1.4013016688161,1.43666845760961,1.47658444607
"grc0110",7.94834630233215,3.92869059915526,5.25231855303796,6.65663006968427,5.60202503379634,6.31478038916084,7.04700210776014,7.67274032958879,1.78123472806972,0.736280731239609,1.33526237241552,1.69494315407494,1.28576923064142,1.65130790744057,1.7355064667408,1.78302923288038,6.36775491207871,2.14432409289405,3.75060633270991,5.13522327295548,3.9401071727243,4.74313889691192,5.60839848720005,6.25194541387015,1.52573720859981,0.316178067448157,1.05194167807099,1.43213723186789,0.952231065111657,1.34058216533832,1.48033128953696,1.54518054522951,9.4339652502712,5.54832869642244,6.81189210100765,8.15132397666697,7.20025079027093,7.84539735002267,8.50336436131311,9.04076198392233,2.01385017889764,1.10571050227923,1.62569260436639,1.94867475590852,1.58620821934756,1.94240240172918,2.00063609755785,2.01919039247736
"gua0916",0.905326021011113,-0.00378587512026149,0.770561492831455,0.520018052134315,0.0883003716635763,0.389116922881321,0.621466658898058,0.682619127787071,0.550010984878738,0.000321448940453455,0.304137324733952,0.283764795241755,0.0881400877885863,0.20352202910399,0.345784698643028,0.440802032326996,-0.683183318727745,-0.267004948040733,-1.03931804138078,-1.23616243862313,-0.33176739128567,-1.39255825737338,-1.12097960028318,-1.20693721333411,-0.236575069633251,-0.153161465561117,-0.303204300152512,-0.302512063860405,-0.330294684431262,-0.365822207649539,-0.243164907392058,-0.292757432777093,2.42411156072063,0.207008396228512,2.4053831590733,2.23777577674596,0.467664476188551,2.03267262189028,2.23629533344482,2.39443512345202,1.20423902563796,0.105420018195908,0.822560303443155,0.810752125981031,0.464076893156501,0.710107037357724,0.877030621761098,1.07546741485598
"irl8407",0.584719835904614,0.324549874224654,0.539529599526447,0.527870776300697,0.391845634419807,0.512793519759283,0.530539080159819,0.554478474680788,0.307725170664451,0.149342999737583,0.251488755107539,0.22777363081643,0.182188630806834,0.207828255635585,0.241492194203672,0.277046014563081,0.311562129974012,0.0249597873490708,0.22812230221823,0.20967602993987,0.0756674656703073,0.184424449742113,0.246303459927498,0.270349811111917,0.170191877206144,0.00417275174432591,0.106365127142422,0.0739038353668092,0.0236204766072382,0.0505820698829528,0.0890815069883149,0.136592931325712,0.870129765480032,0.632797582980294,0.847745852158864,0.834153056035928,0.687848024540502,0.827024458781872,0.819483704554554,0.84251456381617,0.446449767947551,0.294694581899237,0.404245177438562,0.377323499952892,0.32930105440735,0.366573826659073,0.402801789114196,0.421977939828238
"irn0215",2.417056284031,0.111721182200078,1.42037213389841,0.973652591513025,0.103788981970812,0.567215303261592,1.33382670573876,1.88583670167499,0.539793256102421,0.111657226608565,0.343115109432004,0.31533143738608,0.100154803554084,0.220723974932946,0.403960190635187,0.500405857931608,0.149358379620688,-0.346512151522856,-0.758729792170156,-0.659107323506751,-0.410026522229568,-0.867183620989417,-0.509969042532869,-0.105703948971145,-0.0351223287162833,-0.342293851428529,-0.156788916098895,-0.138403792719181,-0.398362456186099,-0.25496400360909,-0.0495277352920682,0.00402025776267657,4.48192605317485,0.550795280032599,3.4812485234125,2.55693137622056,0.575230475789941,1.92307287141281,2.9852540412854,3.81665818529745,1.00180672245827,0.546730949564594,0.793939745240997,0.745572974930755,0.55194401198398,0.651329054385445,0.813243880632523,0.959044375121507
"ita8710",8.32245979507459,6.31608786165703,7.39533557276728,7.57854251022108,6.92416357104688,7.40053439209426,7.77071749527648,8.07898322524421,2.21194711873312,1.23997614261048,2.09787386914377,2.09481832807098,1.6285521424569,1.96831909344753,2.16980454053694,2.21262472770806,7.4501343911414,5.29900667176378,6.61193064604557,6.77578488716617,6.03236034801051,6.55175866776237,6.94858432822126,7.28381380068003,2.05766006157809,1.03372414604251,1.93397957880862,1.91969025841196,1.44682339145889,1.80416762785076,2.00393283816293,2.05620046154587,9.17987103398696,7.26116639970887,8.20391540081677,8.33229470175804,7.81575109891438,8.22228427191472,8.6162792894604,8.86023950150035,2.3628147812126,1.43780284645661,2.2580476926243,2.26236390217155,1.80621458685195,2.13363378013294,2.32551278842549,2.36091289628027
"jap7215",1.48274745082522,1.27399211434195,1.29500272703523,1.42733783812337,1.35774509568019,1.40966648783393,1.43778945003189,1.4472081143519,0.475495157754753,0.421508096327079,0.468504949507513,0.472269369704252,0.451949833888923,0.467938228703412,0.474748660735486,0.473621158817968,1.33998945977844,1.14595394749501,1.15631662299027,1.29021080481231,1.22084225293776,1.26196846711654,1.29207086532433,1.31111702481324,0.443581378611355,0.388892791338083,0.436157401148007,0.440779571996965,0.421896152379463,0.435638924183132,0.44439516492728,0.441347590706637,1.6307754963598,1.40032722248139,1.43529589096576,1.56509679478867,1.49913480911423,1.56195301169936,1.57736380403047,1.59036707052911,0.509925665605411,0.449906504265796,0.500135990441333,0.503447906571097,0.483672206058814,0.499653346853285,0.506070298300901,0.504210409745133
"kor9718",1.10814299100674,0.95485111029593,1.08024956760134,1.08843716583675,1.07281143504675,1.10318608107046,1.07992602915356,1.06834571327116,0.481386653842444,0.371939039665254,0.479537256204609,0.468385270662005,0.436842181010976,0.465058717077435,0.470563977844576,0.468766660943069,0.845988077036506,0.660175344707701,0.799814933340177,0.808607186757493,0.763635362027793,0.827987147622105,0.813006300337291,0.797003255419489,0.389877508466301,0.269816688055751,0.387659288377598,0.375942519237827,0.330956585577742,0.372023989152522,0.382439208617164,0.378362780058754,1.36329213921614,1.27973744535191,1.35386437790709,1.37134998057568,1.36119314248244,1.37323081628492,1.34267853246801,1.32886461908513,0.570474458059124,0.464404894536442,0.566519738373893,0.557026487570374,0.526316145627668,0.5497665729589,0.559362818596206,0.552846082458377
"kuw0016",4.8594330526293,0.106792422413094,2.18718284602158,2.06606645218924,0.0872252974964682,1.55293747147525,2.87659917694449,3.96735675877284,0.773675218755769,0.106860084371729,0.409302516884462,0.354130319894226,0.0871077509203542,0.193985827158933,0.575160402074678,0.705837800315822,1.94596103127824,-0.488115893730374,-0.833241342110682,-0.691792800784854,-0.46197261861681,-1.33949366725068,0.225697908295699,1.22974078418226,0.173674441080244,-0.471629833171293,-0.23345890396505,-0.23271508439045,-0.454723126185861,-0.419010174270925,0.0286643940594588,0.0848343753431545,7.39475000115192,0.592969865257114,4.84406790875761,4.94592291428059,0.586706129326765,4.48885181118086,5.68944632189377,6.51346101019374,1.31939630417488,0.575630071332843,0.982812944263586,0.8739903415141,0.580302622466107,0.722629611352768,1.04934016290035,1.24651352432773
"mex9814",1.30886120167277,0.0613986902511492,0.918883577674971,0.773175994676755,0.266085759856803,0.632417585041957,0.888397294337707,1.11526315372044,0.506503186849891,0.066615056048986,0.375390884199329,0.342542325259304,0.162558345439774,0.289163651632977,0.398349533833912,0.476317955450249,0.889127845326579,-0.0260025070038946,0.613932026211399,0.48685039427251,0.0542811615932618,0.322967041240745,0.60884009385184,0.736692606567044,0.350887433095364,-0.0186990501128667,0.252657752698931,0.224277457137829,0.0207685941070969,0.151010837200379,0.270814581159244,0.319232066103226,1.73233255623156,0.149246591901293,1.22370478890704,1.06883115167512,0.466859306226512,0.931853776998966,1.17291912319164,1.49022767823183,0.649173737018282,0.144763827200746,0.503797382580389,0.465838314323271,0.304907953679306,0.407046140267506,0.525428500080621,0.620572377879402
"mld0110",3.06996142511477,2.60453930887501,3.1974753884132,3.12756616038842,2.9348781884316,3.05535404446403,3.12023485668071,3.04096712921489,1.34128542532627,0.949956588649601,1.5041739570915,1.48962467826483,1.1769908956258,1.3762260340809,1.49949459750236,1.41791068566051,1.72873836038701,1.15853501301448,1.49896751585439,1.94132294371808,1.73747774144379,1.86940231435012,1.95613882351153,1.86155507728533,0.939588927687325,0.466527754030951,0.993239764260335,0.993339786659158,0.760905360207165,0.918503028187843,1.0302130329551,0.98804775045277,4.35909234749478,3.99177545669505,4.85367976407638,4.28118953619668,4.09291311712934,4.21782111900652,4.25028898519305,4.1900491027967,1.72117974532777,1.35034225160545,1.96223482941807,1.89979247526087,1.58829258020187,1.77714127096039,1.9027741334446,1.79592854566275
"net9516c",2.12287270925888,1.70977803839648,2.04323377566928,2.0488022233629,1.83085333799322,1.98080377442614,2.08083001664312,2.13102860965412,1.12369068022543,0.631590288682322,0.952381654391783,0.994888380124723,0.781992823319594,0.931247078041344,1.04570243590688,1.10554778458834,1.41616077977587,1.02403909159863,1.40820693175501,1.33789636040113,1.12754742194536,1.18918372738852,1.34700611347249,1.41528078939177,0.911639638895745,0.40565928087524,0.740780677409312,0.779122592240321,0.54117696670009,0.687755439490033,0.827476117499956,0.883373247440958,2.77774561717546,2.39395180868796,2.64235637889547,2.8137140537972,2.52179683463455,2.71733315086182,2.77547100918858,2.8338029849279,1.32499610919419,0.855804234264213,1.16451168032342,1.20470068057995,1.00127185210833,1.14870915539808,1.25720845087225,1.30491033121005
"nor6918",0.985801534646461,0.744106008985233,1.01311904832752,0.967505668357003,0.813717426012858,0.915486889793255,0.997853822627799,1.03577145916437,0.6272337779843,0.408284178999116,0.58679532187407,0.55186331067408,0.479538583275234,0.540382784506558,0.579609063951373,0.611018870408557,-0.0455591961687421,-0.0842418188437383,-0.234484537203361,-0.382742791584712,-0.118022424205627,-0.369617002272292,-0.27713264499349,-0.145073379562327,0.370875433496069,0.114742356465562,0.311565321151,0.262194090389292,0.212393272926922,0.24461052819997,0.285669498019331,0.343106302928233,1.9552405743977,1.5376751803356,2.15281520399918,2.25131535007549,1.65725319551785,2.21139341254808,2.21123106998176,2.13080768461774,0.883477445131657,0.666418128639908,0.856571047727282,0.814846610535727,0.748103043182828,0.819663564461416,0.844331106840588,0.867275669162517
"pan1316",1.59266417421948,0.333411070882251,1.17951989682134,2.03406439288907,0.447462365283899,1.91506962191591,2.06778705021516,1.86999549233297,0.466455150241336,0.332777224210921,0.415355437413255,0.570441861699857,0.446460296519324,0.53976211679912,0.600685101364517,0.548459095940721,-1.01284604985499,-0.677483949867915,-1.59526146262946,-0.667093618911465,-0.635028645632202,-0.879644622754177,-0.538493389313782,-0.681584838238763,-0.575685722452279,-0.674600168695954,-0.803418512211277,-0.445826379256468,-0.625557683745497,-0.517515305155591,-0.383278010068845,-0.510334117998832,4.14570565833585,1.10143810870365,3.64392583302027,4.47616471661583,1.28554505123377,4.4057875067937,4.44180556678663,4.22760148179758,1.31731700501886,1.09741494988686,1.35611791483207,1.38833683190794,1.27794144309894,1.38761982304019,1.38700201373229,1.35941085316634
"par0419",5.27136649866257,1.69392746287731,4.30389826068199,4.17044407919641,2.6989209104943,3.74662899001323,4.56232187773379,5.05553629369043,2.18835941745281,0.119331005090357,1.11067492509742,1.7982459331759,0.773974687853477,1.61085308141697,1.93265064962836,2.10744881659403,3.41826429565079,-0.643447381207885,2.48699078626056,2.38667791796001,0.806143297809982,1.86968876629714,2.76100765345815,3.31186476090772,1.73414391382551,-0.475666614797209,0.656510441486216,1.38141864452527,0.164579473774858,1.14361036276699,1.496265811287,1.68997349878705,7.10204369255995,3.60017073156675,6.10574362679188,5.97716510543918,4.74690445558998,5.57437834433698,6.27597039323282,6.79414917975577,2.59303759515033,0.646097136023952,1.54505299487891,2.21546781430719,1.35307734907603,2.07690169578282,2.33306907812384,2.4814907092027
"per0814",1.78018011436731,0.0103394945006317,0.959300351994978,0.854188741272521,0.101781642999903,0.567731995755299,1.07729923521226,1.47415900567743,0.36868809628024,0.0523830346903274,0.212454865411768,0.257178862339529,0.0697109978501354,0.178235222621792,0.312598410274608,0.349467321723243,0.968559201780849,-0.0834209739225479,0.119705454182254,0.0782477350799576,-0.277413517598597,-0.209999652829222,0.221868415637275,0.642611999628622,0.149266416177799,-0.0734550022041544,-0.0182631264836472,0.0342353412842121,-0.0960580860430294,-0.0339262526039414,0.0843707134635584,0.138111506751985,2.62944957756178,0.101829749763212,1.78650110245432,1.63145448020613,0.495672407792292,1.33007291981646,1.90045363599331,2.27007589284608,0.592952992057022,0.162915837351345,0.425359564087059,0.464585250852598,0.23015850334464,0.37658112417052,0.509397862638896,0.544554962829823
"phi0610",2.33417547367911,1.21495474142913,1.50988598551147,2.16673893775932,2.0033796781375,2.26383046634677,2.04590283146212,1.90051037512458,0.77149117935847,0.334486082027841,0.646440055040897,0.724804771341061,0.594806481444867,0.722036043435953,0.708511051368226,0.694401531275157,1.246383691766,0.136538680091256,0.701898952534625,1.20476476520519,0.912782266416391,1.14453078623357,1.10876426805475,0.89008077441515,0.48475746550799,0.0307109225438018,0.388763410685641,0.433254661412513,0.294692714053178,0.41325441214481,0.415300726797532,0.378221948445356,3.34019809738521,2.32309665737707,2.28415991643152,3.11755968917147,3.11044611376379,3.2347257955445,2.93930800750447,2.71685151538007,1.05676888203419,0.605500006064221,0.887065626617427,1.00036521880653,0.888289744683154,1.00900860674709,0.974219707251119,0.959694119883735
"por8018",5.8953889240595,4.35323748528754,4.27079856793683,5.41800668745758,4.92121785627238,5.27849319423802,5.54926205688338,5.65091258693102,2.01044861409144,1.1966750753968,1.60982700637283,1.83767125085076,1.53929113441081,1.76191347607426,1.89440301210578,1.94084752683428,5.20158039360323,3.55301521943709,3.67491176165352,4.77140833284288,4.14942226079506,4.57640596440904,4.90833674255914,5.01739409356841,1.87730859839135,1.05293089471808,1.49362223855528,1.72414493327686,1.40253147640348,1.62836152404986,1.77128338215919,1.82982879056462,6.51189598429338,5.13262175464413,4.86233108523557,6.05998113469757,5.70753563183073,5.94307246675842,6.20764689901978,6.23858067255369,2.12858163930294,1.33915794623539,1.73571463368445,1.94762634876875,1.66416883768028,1.87352518485793,2.01206253569496,2.04742465828871
"pue0916",1.26690737921501,0.0181031373185285,0.83784237678608,0.142421405655528,0.0790730423442278,0.126075168053872,1.05457111151159,1.10933328791871,0.222680345623887,0.0187083881722002,0.16748216407455,0.142094459665299,0.0790730423442278,0.126075168053872,0.16735485090685,0.209219603396957,-1.19658701296356,-0.429366749706545,-1.72802782984238,-0.288868237471081,-0.343515792919034,-0.252946442892299,-1.32470854334212,-1.20075200538648,-0.539851225794173,-0.397088853861164,-0.561859696613036,-0.286436418387043,-0.343515792919034,-0.252946442892299,-0.405613080796538,-0.415285986788768,3.70636991030284,0.380067185231992,3.26898104549119,0.513747086619675,0.420758809198448,0.455076056727811,3.35746070575557,3.3682033919749,0.860664043274057,0.349287140994461,0.843400239240576,0.510755016236524,0.420758809198448,0.455076056727811,0.706817539235653,0.793328335857604
"rom9416",5.13890426962988,4.6708022554268,5.13924002855337,4.9263943318668,4.75949407224756,4.88489358183846,4.91003079330169,4.95199432787859,1.75825963346227,1.33020124396593,1.71078409999408,1.70300992035769,1.46423120486099,1.63763914115797,1.74427256110789,1.7616726614023,4.3328155982849,3.74085042345806,4.39179642609471,4.16069084903658,3.92615496376397,4.06771933363273,4.1061270682696,4.17017611038905,1.6068874722641,1.16413326682475,1.55026208788668,1.53468860106389,1.31443332374198,1.46866797279226,1.57261901641917,1.59870530668987,5.94620343104633,5.50555309001747,5.82560835010906,5.75659605775166,5.53037810177139,5.69640030724439,5.66272625160753,5.70254652308503,1.9016484035099,1.49404273706505,1.86608157778892,1.85899869022491,1.61502526044585,1.80835545748851,1.90617834448752,1.90513355886888
"sa9713",2.14516743114247,0.314048534647054,1.80322215372238,1.44575966375405,0.511977148467728,1.1120829195901,1.6583347043652,1.98150624011881,0.450249435424804,0.123280937899289,0.299269194132107,0.258708790903969,0.137658045274662,0.204922673534802,0.311878257889439,0.403366683031514,1.88712299205278,0.13450491270724,1.5411609674568,1.16926394255861,0.305540526389296,0.859397180267734,1.40422527109168,1.72897395339139,0.375948175843684,0.0663252029968094,0.232899538319164,0.194108991712806,0.0818692567609583,0.143650248304809,0.242533454702137,0.337189559575115,2.42583501807366,0.490664579636205,2.06178477405361,1.71740716814773,0.711705196026974,1.36491338677318,1.91358897238963,2.22599762531657,0.523249558460267,0.175281843995671,0.366771161548705,0.321191508930962,0.19322324703538,0.265325425385171,0.376078378521996,0.477195043879208
"spa9014",7.04894058093194,4.73484673584973,6.00025639878973,6.19220105386995,5.45840603787646,5.98635920284877,6.35855882146237,6.63711832217723,1.75486462666152,0.956418877536401,1.54663893323109,1.53075732218669,1.25639662672649,1.45289167524641,1.60640594595161,1.69337051401717,6.67722453807537,4.3071948774564,5.60809543422393,5.79097379829583,5.05805741301752,5.59005396456325,5.99095440136775,6.29799269965068,1.69342855404675,0.872896845980305,1.46890197699551,1.45573051244362,1.17440064877493,1.37853734920323,1.53889631221549,1.63121571076988,7.41896519557558,5.17618041994818,6.37993622323445,6.58379368407185,5.87886888252538,6.38776006022277,6.72693484751916,6.99071800870948,1.81499904134033,1.03742197182267,1.61320897621458,1.59759637924663,1.33250921779892,1.52526105929002,1.67290640507631,1.75363002921312
"sui9513",3.69446508066591,2.93504570147194,3.28347842460666,3.29115651465527,3.04615699286165,3.22247953416034,3.31915905730607,3.42903183289703,1.31154611256618,1.07607581091705,1.30661031144906,1.28110429435713,1.16925699652825,1.258680342928,1.28629364034576,1.29196823268379,2.9235247529962,2.00188592205381,2.5130001714672,2.49916108550364,2.19536197433252,2.33917644563425,2.47848838622973,2.58976699098365,1.1317299840923,0.881004140734626,1.10717790877473,1.08306549439718,0.975918691155394,1.04624863239437,1.07726347258056,1.08892170473398,4.49391674190698,3.88268410054058,4.09508489079939,4.13663254192678,3.8775068889816,4.13149780067724,4.16248620663561,4.23314199984977,1.48766845598215,1.25412113388687,1.49646640075415,1.48468622446823,1.36517404784087,1.4592880356185,1.47596505756437,1.47435298855479
"swe9016",1.36770334358506,0.889183025065191,1.2632891166939,1.16507378653753,1.03895527847396,1.11524236577505,1.20538212203006,1.22713608307726,0.734992994786027,0.36200636641078,0.617231859600626,0.573851098328151,0.458762120648772,0.535230878669519,0.608633841944488,0.653239513031789,0.898640182669022,0.324127799029271,0.707656430811647,0.702236395956915,0.512059557609491,0.620675468354861,0.74443908703613,0.775765258895457,0.55440596969794,0.151144317738105,0.442018486973295,0.38166355660651,0.269243426289159,0.34816263539622,0.438405734912292,0.472360292202967,1.86094235975928,1.44588609920674,1.76214750581084,1.66636455742846,1.52064777981841,1.61901569259242,1.63524074010101,1.66191064767782,0.923028196347378,0.571408082437287,0.792977789470113,0.767653665053836,0.650344669037678,0.721117488875168,0.782843447137939,0.829930381549986
"tha9908",2.38458496435769,0.911887691551651,1.31891410152024,1.91539449586743,1.46709446068789,1.80669820501106,1.95473497424989,1.94705180858521,0.82305836673122,0.327910817728167,0.570181189580426,0.670947284313035,0.518294591160468,0.627013282139452,0.703909215177025,0.733492080373629,2.09219980703376,0.667706578754056,1.12159900545553,1.66439011806682,1.21187785483223,1.55147401397256,1.70558120538175,1.72062436301843,0.733771302583467,0.25481823129,0.496583402579934,0.593987767656412,0.439088139285107,0.547731576848448,0.623811871833138,0.650700078208214,2.67491386123634,1.16053464713614,1.52753190446905,2.18307098132198,1.73789087323192,2.06982817936453,2.19915263538994,2.17327394392307,0.911004103597836,0.403862117355181,0.642803779510321,0.753906042539663,0.595477508011089,0.703213177374457,0.783558604917403,0.814843638665917
"twn9414",2.01233704821132,1.56496941634675,1.27883167168058,1.86023418982689,1.89610804036747,1.95960124244156,1.73872138441318,1.56129150544141,0.5158711808559,0.283864670702868,0.292913559540376,0.398002109700149,0.353312777745107,0.385608139988405,0.413029144248117,0.424189749191386,1.12368710324499,0.693148706518635,0.441659748092929,1.0591441808242,0.976543412342528,1.12089469581196,0.940647792765445,0.788403305274873,0.328332726814382,0.0834300639861287,0.130755813542012,0.219284154598977,0.167203333959955,0.221014038358485,0.235133961101482,0.226892870529738,2.88047860723453,2.42368427040598,2.12202342607539,2.65811183183412,2.78826795353358,2.79331588433699,2.54030673176904,2.33098912482173,0.710746296416934,0.471737680283307,0.472142693291895,0.56622224787537,0.531864075350899,0.559000476730865,0.599665429625608,0.605774385966255
"uk9016",0.944557917205175,0.6314746392709,0.956141382729377,0.809506502879706,0.689007350453756,0.765551633615485,0.840824729602106,0.893703216871594,0.599303765149846,0.425700522510889,0.543293859995434,0.537430816398945,0.480197285771731,0.518211561907505,0.553254540056069,0.577903237974215,0.773450856767334,0.530162845360984,0.711971986181434,0.604776499149588,0.581914277686723,0.528640709356577,0.640755579906387,0.710302054428323,0.542689891548058,0.368476215606685,0.484446765823426,0.477094446687087,0.423979555553848,0.456353389806319,0.494160601536553,0.519698113295119,1.13043045799109,0.72949273647703,1.19750332446648,1.01873994068955,0.789715996275825,0.980937211095164,1.03383126058805,1.07461025840076,0.658400639296906,0.478874717435636,0.603897783808848,0.597652332701396,0.533029634225412,0.575699106368693,0.610571748633684,0.638714354899435
"uru1216",3.74524222468503,2.79541171804299,3.76765657164493,3.33093678870886,2.9496500787648,3.27318743985654,3.33041590999106,3.58869109756074,1.18166312196558,0.864362604994087,1.28015412140186,1.08470751172102,0.958035124849431,1.05429132359539,1.10131689659858,1.14694293610803,1.95378325762575,0.668690502437951,1.91409130645767,1.59025306724476,0.923994023316424,1.50020585293389,1.56310156210624,1.84830968505888,0.761784716480894,0.384616939959536,0.731906889195665,0.64830258122811,0.456745479453889,0.601742558959583,0.656213134973156,0.7247656696581,5.46403801292078,4.96342575964085,5.54676276495882,5.10815687512918,4.75741421754404,5.10725813705716,4.91625251445877,5.27704181630727,1.54104611293798,1.31015746465642,1.76348863838735,1.47240453648702,1.38841622189827,1.44689301034093,1.48643078930259,1.49625955882558
"usa7306",0.895930538551179,0.690792624905183,0.858640142108789,0.817547562503611,0.72726782732335,0.786967305332509,0.842490443564701,0.878148272931073,0.424421055565147,0.329476521039781,0.399185099722214,0.406575430838843,0.368897057568474,0.397071044348287,0.413722406612414,0.425838932612687,0.821721338681469,0.619208860732535,0.778389468998647,0.738741492214126,0.65222704426446,0.709690410093351,0.766041506980591,0.798807913158399,0.40232526751839,0.305706889211052,0.378140243801012,0.38405260817766,0.347005647136156,0.374408939145683,0.392216259756631,0.404418902461757,0.974502879423998,0.769152992566761,0.937890925492597,0.893856930734376,0.806158065803923,0.866444903967206,0.917323313991372,0.957801759186052,0.447151322858848,0.353174643367883,0.421308922052861,0.428860195352535,0.39053694984276,0.419451880291206,0.436133765007869,0.448532117696504
"vie0913",3.382771224618,1.32438194512273,1.91072018213923,2.86376567240599,2.57381481344089,2.87821681136359,2.74879050343453,2.55396033582575,1.40352450218705,0.336359273086207,0.911375582072246,1.24005636630731,1.00045487202729,1.19331269935607,1.2424556176499,1.23932540030611,1.61321905786592,-1.02197008668015,-0.0364504099653188,1.17759284521196,0.510203744748573,1.04464957934799,1.12213033079854,0.96802815278973,0.964313904848579,-0.237255558640008,0.438747179324987,0.740981949326476,0.407675138208708,0.719770950840625,0.747903937944142,0.768193071766415,5.22747487168736,3.36659115050312,3.80264589384014,4.67111048937797,4.40818824431025,4.76184343570577,4.49131420034785,4.2439103765929,1.84090072817429,0.808859363482829,1.36990832693646,1.70265333763174,1.47470366874562,1.68235742431315,1.71298606351472,1.69836256368924
